{"name": "basic_8_bit", "results": {"psnr": [31.00678630513981, 32.80243376999454, 35.875803176764975, 38.55306145588294], "bpp": [0.6171384393361509, 0.9401752396660138, 1.761651376146789, 2.7455726213792393]}}