{"name": "meta_learned_7_bit", "results": {"psnr": [30.89437837606793, 32.66902793987329, 35.68196839206735, 38.50685669199003], "bpp": [0.5080651479228946, 0.7723471807030203, 1.419235130398928, 2.266605504587156]}}