{"name": "celeba_bpg", "results": {"psnr": [57.57954860723654, 57.3239980139798, 56.70355128156663, 55.86661127965168, 54.84162211353457, 53.6196382315528, 52.40280993717621, 51.4235611855353, 50.53519210263885, 49.79633921558119, 49.10160905506391, 48.42953531605253, 47.790947956917634, 47.10446753897884, 46.397530509593594, 45.696739749273476, 45.00864238883323, 44.31185097720965, 43.639800009548246, 42.90648708681997, 42.16723942344637, 41.47189749350017, 40.74402857727436, 40.00932379852704, 39.31913296756698, 38.5903610678096, 37.86023527178553, 37.173337798126056, 36.48667485126516, 35.79775350765929, 35.149532269759966, 34.47039507371318, 33.79607233431094, 33.14563488227479, 32.515493770668655, 31.880865688854964, 31.297104652356712, 30.695555580945776, 30.104671491263193, 29.535821070132645, 28.998798425746255, 28.457749531603405, 27.95441754374592, 27.445580679616505, 26.938798837272135, 26.453507755358828, 25.988853168513625, 25.505168462200533, 25.043201218211177, 24.582021185025077, 24.1050944463379, 23.64861891532424], "bpp": [8.68411503968663, 8.276693124420163, 7.867186887949696, 7.469434078960932, 7.067665189155757, 6.611503968663024, 6.090277291000928, 5.622548190908154, 5.171264818059994, 4.78585918977425, 4.42721575095351, 4.106135449953613, 3.817196165343779, 3.529291825584991, 3.2568106380785484, 3.0080507164209873, 2.7763735697350787, 2.556470466962169, 2.359099061952376, 2.160993711988455, 1.9678342438923822, 1.8004514998453767, 1.6399649520667972, 1.4911308112565715, 1.3589671167920834, 1.228149675291207, 1.103636738480569, 0.9930522626533347, 0.8909328935161324, 0.797569322750232, 0.7154293371817338, 0.6341861663746006, 0.5606205545820019, 0.49632821358622825, 0.4372497680651479, 0.38410679311411194, 0.3387588908359963, 0.2964189258839295, 0.2589609318626946, 0.22645294299556745, 0.1980538088856819, 0.1743119266055046, 0.15324193382125553, 0.13477373466652923, 0.11855272652303886, 0.10478919699000103, 0.09289351613235748, 0.08198123904752087, 0.07337800226780744, 0.06533347077620864, 0.05801669930934955, 0.05198639315534481]}}