{"name": "celeba_jpeg", "results": {"psnr": [21.448951743391802, 21.45137493613055, 21.784531676554348, 22.987053254460413, 24.04455410559218, 24.812037642803123, 25.455808963456423, 25.972458346554838, 26.42889427528172, 26.829074201438715, 27.177064693302885, 27.482775728553893, 27.78117194406587, 28.013411490168043, 28.244734231701973, 28.4674850578674, 28.67125280058329, 28.86813141854095, 29.022933782504328, 29.18570652234641, 29.356738597001005, 29.498143904773855, 29.63806205159294, 29.78833272244863, 29.902613610797005, 30.024008434285225, 30.16509812803567, 30.279452812936757, 30.37938628869908, 30.490259377280413, 30.58657656344936, 30.692790219274887, 30.80469963128618, 30.887412383561642, 30.99148660942432, 31.090137375889256, 31.156169685873895, 31.249203963931553, 31.321051879023805, 31.38120565153221, 31.49760304287817, 31.548916453170488, 31.61884840287218, 31.726282662824758, 31.769266391737442, 31.873963776100343, 31.929237912024586, 31.97414849328846, 32.076091067065704, 32.112907194863126, 32.150706747889686, 32.25809752500385, 32.30852633428632, 32.37531276799302, 32.458156729881026, 32.53554295995462, 32.61399849990969, 32.70032049301213, 32.76195244213492, 32.84851246600674, 32.94320749605325, 33.01888559070826, 33.117374233988784, 33.21251927002449, 33.30774669592975, 33.421355558278975, 33.52000487709614, 33.63251863828549, 33.741374875480126, 33.884411211664904, 34.02325577660989, 34.13591865412248, 34.269637325286226, 34.444676852007824, 34.537657187589474, 34.711420936789054, 34.907703055831035, 35.064244773438396, 35.224937850564075, 35.43273384207073, 35.65469904238946, 35.86300067928529, 36.09748892518353, 36.335164498088226, 36.60403532379198, 36.89867124905542, 37.192191404492725, 37.54921408733598, 37.895390880565806, 38.32990048904084, 38.76684234868261, 39.2536755186004, 39.828770564524646, 40.49832646414351, 41.23070814400911, 42.20903273271951, 43.2823841924065, 44.61468893561502, 46.19429208267837], "bpp": [0.3136460158746521, 0.31376765281929697, 0.32582001855478815, 0.34711266879703123, 0.3697371405009793, 0.39176579734048034, 0.41318420781362747, 0.4335305638593959, 0.4536563240903, 0.473573858365117, 0.4931347283785177, 0.5113060509225853, 0.5311287496134419, 0.5480259767034327, 0.5659210390681373, 0.5837563137820844, 0.6013297598185754, 0.6182001855478817, 0.6333058447582723, 0.6480507164209875, 0.6654757241521493, 0.6812225543758376, 0.6968931038037316, 0.7121678177507473, 0.7263498608390887, 0.7413297598185754, 0.7561220492732708, 0.7720317493041955, 0.7841727656942583, 0.7982682197711576, 0.8120152561591588, 0.8256221008143491, 0.8414019173281105, 0.8511060715390166, 0.8685166477682713, 0.8830594784042882, 0.8913019276363261, 0.9093145036594166, 0.9209174311926606, 0.9274878878466137, 0.9475229357798165, 0.9570353571796723, 0.9670466962168849, 0.9853252242036903, 0.9944479950520565, 1.010730852489434, 1.0177115761261726, 1.030479332027626, 1.0501474074837647, 1.053796515823111, 1.0579259870116482, 1.079142356458097, 1.0937222966704463, 1.1028842387382745, 1.1154788166168437, 1.130310277291001, 1.1470302030718482, 1.1662570868982578, 1.1770209256777653, 1.1908318730027831, 1.2122832697660035, 1.2261272033810948, 1.2480012369858777, 1.2622389444387176, 1.2860076280795794, 1.3050180393773838, 1.3231996701370994, 1.3528502216266365, 1.373738789815483, 1.4023131635913824, 1.4302154417070405, 1.4507823935676734, 1.4837748685702505, 1.5260756623028553, 1.5365982888362024, 1.5725244820121638, 1.6237563137820843, 1.6673147098237295, 1.6980847335326255, 1.7460179362952273, 1.8021090609215544, 1.8491887434285126, 1.920247397175549, 1.975433460467993, 2.034474796412741, 2.1250324708792907, 2.189530976188022, 2.298323884135656, 2.38319554685084, 2.5280898876404496, 2.6447727038449647, 2.764853107927018, 2.981012266776621, 3.2472384290279352, 3.5427914647974434, 3.9347964127409547, 4.372192557468302, 4.90048654777858, 5.896649829914442]}}