{"name": "invcompress", "description": "Inference (ans)", "results": {"psnr": [27.97745173825283, 28.875697493076462, 29.566761576894788, 31.507527864393342, 33.37244162695421, 35.10238145591705, 36.14658493732854, 37.84039826287273], "ms-ssim": [0.9517062890529633, 0.9609390407800674, 0.9673239767551423, 0.9798725140094757, 0.9863863068819047, 0.9906747323274613, 0.9925893074274064, 0.9949705749750137], "bpp": [0.1144871662715184, 0.14287186887949693, 0.17046490052571905, 0.2853891351407071, 0.44005360272136884, 0.64411503968663, 0.7996206576641585, 1.1153736728172354], "encoding_time": [0.3455712842941284, 0.3480798697471619, 0.3450305986404419, 0.3504349422454834, 0.38139097690582274, 0.38621259927749635, 0.3874538040161133, 0.3972607493400574], "decoding_time": [0.8131530833244324, 0.8086733961105347, 0.8185542178153992, 0.8280897235870361, 0.8581525826454163, 0.889801652431488, 0.8817818117141724, 0.9094481039047241]}}