{
  "name": "bmshj2018-factorized",
  "description": "Inference (ans)",
  "results": {
    "psnr": [
      27.43585793439689,
      28.641144497996457,
      29.86640249151753,
      31.18087649513588,
      32.61749047631829,
      34.57770873131307,
      36.56131158958367,
      39.05014012101676
    ],
    "ms-ssim": [
      0.9508063834905625,
      0.9646115416288376,
      0.9743176013231277,
      0.9820542281866074,
      0.987423003911972,
      0.9917128080129624,
      0.9947455245256424,
      0.996819276213646
    ],
    "bpp": [
      0.17004432532728578,
      0.23918358932068862,
      0.34471497783733646,
      0.4931945160292753,
      0.709337181733842,
      1.048296051953407,
      1.4974786104525308,
      2.0795876713740857
    ],
    "encoding_time": [
      0.05198808431625366,
      0.05429396390914917,
      0.05042370319366455,
      0.05119691371917725,
      0.049528930187225345,
      0.10937963247299194,
      0.10728805541992187,
      0.10819250106811523
    ],
    "decoding_time": [
      0.12724928855895995,
      0.13836084604263305,
      0.13560999155044556,
      0.13871036052703858,
      0.13747376441955567,
      0.2814547371864319,
      0.26958208084106444,
      0.27302570104599
    ]
  }
}
