{"name": "coin", "results": {"psnr": [22.391752577319604, 23.164948453608197, 24.639175257732, 26.4123711340206, 28.402061855670098, 29.8659793814433], "bpp": [0.036854138088706, 0.07306812985825299, 0.15976223136717002, 0.306812985825331, 0.6100594421582081, 0.9952446273433929]}}