{"name": "kodak_jpeg", "results": {"psnr": [21.447639466486944, 21.449550079081757, 21.653188011772833, 22.768915388840835, 23.814213684302548, 24.651380405341463, 25.298251446932557, 25.799376381181066, 26.186273169845173, 26.611155012876527, 26.945812930862594, 27.26524425297039, 27.585627408230238, 27.81626503637355, 28.076666043084355, 28.29989955257419, 28.53167761487515, 28.736250715126015, 28.89029624719619, 29.076364535177298, 29.255248103927286, 29.39251903954012, 29.541808743092425, 29.691663721674384, 29.81865015750442, 29.94023463649827, 30.08422028316018, 30.197930511049762, 30.30557930036234, 30.4123444396366, 30.51696765295131, 30.62014596076193, 30.733987468837665, 30.824602513179027, 30.936970760191517, 31.033752850828286, 31.097134638173458, 31.198740701571964, 31.271372997867513, 31.343383116669617, 31.459058203131395, 31.50692437316091, 31.578921686273148, 31.69205307075119, 31.740026515138076, 31.8413732396478, 31.89750914040328, 31.9445681799395, 32.05227311090992, 32.09386918766544, 32.13577027574082, 32.24279141166321, 32.2971270394421, 32.363441167170755, 32.43292626536173, 32.50939029267149, 32.58763704079661, 32.674840624742814, 32.73584410168353, 32.82083743392399, 32.91399211069375, 32.98962662604091, 33.087182972944525, 33.17232192516465, 33.26508097042749, 33.37171338741925, 33.48339864138563, 33.590285585029754, 33.69162800238724, 33.82345369441089, 33.94993518541348, 34.056700516793484, 34.17429916522804, 34.341102696989815, 34.424245317415235, 34.59884645638543, 34.789014797941945, 34.922212309861386, 35.07075094836008, 35.26723103962249, 35.47691889630883, 35.66785325134348, 35.87916310633423, 36.105088193839514, 36.35103434486219, 36.620798529345294, 36.882567357539244, 37.214166891859335, 37.527926619619564, 37.91800293490372, 38.310353300548115, 38.746446209717845, 39.255865452109546, 39.85084564384904, 40.495105234024685, 41.331675705524844, 42.23903475315262, 43.350134496722674, 44.569097443257796], "bpp": [0.17308807373046875, 0.17319488525390625, 0.1818322075737847, 0.20049285888671875, 0.22115410698784724, 0.24251895480685765, 0.2639651828342014, 0.28473832872178817, 0.3060455322265625, 0.3265889485677083, 0.3469712999131944, 0.3662075466579861, 0.3867865668402778, 0.4042527940538194, 0.42309824625651044, 0.4414689805772569, 0.45921919080946183, 0.477264404296875, 0.49271392822265625, 0.5082694159613715, 0.525771247016059, 0.5416488647460938, 0.5577782524956597, 0.5733676486545138, 0.5876761542426215, 0.6026713053385416, 0.617232428656684, 0.6334949069552951, 0.6458189222547743, 0.6597925821940104, 0.6731346978081597, 0.6867294311523438, 0.7022510104709201, 0.7117936876085069, 0.7285715738932291, 0.74310302734375, 0.7510002983940972, 0.7678087022569444, 0.7790332370334201, 0.7855716281467013, 0.8042500813802084, 0.8134782579210069, 0.8234456380208334, 0.8401311238606771, 0.8492109510633681, 0.8646876017252604, 0.8718448215060763, 0.8833143446180556, 0.901442633734809, 0.9055209689670138, 0.9095984564887153, 0.9295730590820312, 0.9427761501736112, 0.951766120062934, 0.9636467827690972, 0.9789903428819444, 0.9946679009331597, 1.0125367906358507, 1.023175557454427, 1.0365854899088542, 1.0565821329752605, 1.0690951877170138, 1.0910898844401042, 1.104337904188368, 1.1264784071180556, 1.1439954969618056, 1.1621619330512152, 1.1894810994466145, 1.209424336751302, 1.2387576633029513, 1.2639719645182292, 1.2843297322591145, 1.314849853515625, 1.3575829399956598, 1.367600335015191, 1.4011315239800348, 1.452624003092448, 1.4936854044596355, 1.525236341688368, 1.5702429877387154, 1.6278771294487848, 1.6737001207139757, 1.7429851955837674, 1.7992206149631076, 1.856519063313802, 1.9458965725368924, 2.0105209350585938, 2.120937771267361, 2.204432169596354, 2.3463228013780384, 2.469193352593316, 2.5942891438802085, 2.813989427354601, 3.0801595052083335, 3.3919169108072915, 3.8100763956705728, 4.284609476725261, 4.872491624620226, 5.960518731011285]}}