{"name": "basic_8_bit", "results": {"psnr": [25.63693747855067, 27.14703528333572, 28.413966574854975, 32.26747447201426], "bpp": [0.09959665934244792, 0.1879238552517361, 0.29943254258897567, 0.9462916056315104]}}