{"name": "kodak_bpg", "results": {"psnr": [38.2590314026528, 37.57311074542499, 36.92681942785946, 36.273180422341845, 35.59481890904543, 34.95567130702459, 34.294073535748076, 33.623634766504054, 32.98762177300779, 32.36744136571791, 31.74136119144666, 31.14830881491502, 30.553655125396876, 29.961721703804695, 29.404495775200463, 28.86955611919482, 28.331909459858647, 27.835664963659486, 27.330462181117916, 26.84690655626539, 26.373630133370487, 25.924044712654567, 25.472599628150473, 25.03668054074343, 24.61448483010326, 24.20004665713024, 23.817854108036084], "bpp": [1.1780319213867188, 1.058730231391059, 0.9541956583658854, 0.8551211886935763, 0.7631513807508681, 0.681227789984809, 0.6026153564453125, 0.5285135904947916, 0.4651726616753472, 0.4066619873046875, 0.35382080078125, 0.3080037434895833, 0.26490190294053817, 0.22688123914930555, 0.19394005669487846, 0.1655307345920139, 0.14007568359375, 0.1192109849717882, 0.10025533040364583, 0.08417595757378472, 0.0704438951280382, 0.058861626519097224, 0.0493011474609375, 0.041182623969184026, 0.034281412760416664, 0.028539869520399306, 0.02385711669921875]}}