{"name": "meta_learned_7_bit", "results": {"psnr": [25.56004644305473, 27.019205940785646, 28.28015802285809, 32.13873826006784], "bpp": [0.08315870496961805, 0.1546198527018229, 0.24893612331814235, 0.7844628228081597]}}